{
  "mutag": {
    "timestamp": "2026-04-26T17:19:32.282008",
    "dataset": "MUTAG",
    "config": {
      "epochs": 2,
      "lr": 0.005,
      "weight_decay": 0.001,
      "batch_size": 16,
      "q_depths": [
        1,
        1
      ],
      "n_folds": 2,
      "early_stop_patience": 2,
      "val_frequency": 1,
      "grad_clip": 1.0,
      "use_scheduler": true,
      "use_class_weights": true,
      "seed": 42
    },
    "summary": {
      "mean_accuracy": 0.49468085106382975,
      "std_accuracy": 0.16489361702127658,
      "mean_precision": 0.32978723404255317,
      "std_precision": 0.32978723404255317,
      "mean_recall": 0.5,
      "std_recall": 0.5,
      "mean_f1": 0.3974358974358974,
      "std_f1": 0.3974358974358974,
      "mean_roc_auc": 0.4643297171018945,
      "std_roc_auc": 0.2279385880696365,
      "mean_pr_auc": 0.6329544498204724,
      "std_pr_auc": 0.1147770251750071
    },
    "folds": [
      {
        "fold": 1,
        "test_loss": 0.4748120605945587,
        "accuracy": 0.32978723404255317,
        "precision": 0.0,
        "recall": 0.0,
        "f1": 0.0,
        "roc_auc": 0.692268305171531,
        "pr_auc": 0.7477314749954795,
        "train_curve": [
          {
            "epoch": 1,
            "loss": 0.4802132199207942,
            "accuracy": 0.3404255319148936,
            "precision": 0.0,
            "recall": 0.0,
            "f1": 0.0,
            "roc_auc": 0.5609879032258065,
            "pr_auc": 0.7365944631540005
          },
          {
            "epoch": 2,
            "loss": 0.47537581622600555,
            "accuracy": 0.3404255319148936,
            "precision": 0.0,
            "recall": 0.0,
            "f1": 0.0,
            "roc_auc": 0.5325100806451613,
            "pr_auc": 0.7176582099201617
          }
        ],
        "val_curve": [
          {
            "epoch": 1,
            "loss": 0.4748120605945587,
            "accuracy": 0.32978723404255317,
            "precision": 0.0,
            "recall": 0.0,
            "f1": 0.0,
            "roc_auc": 0.692268305171531,
            "pr_auc": 0.7477314749954795
          },
          {
            "epoch": 2,
            "loss": 0.473011573155721,
            "accuracy": 0.32978723404255317,
            "precision": 0.0,
            "recall": 0.0,
            "f1": 0.0,
            "roc_auc": 0.7025089605734767,
            "pr_auc": 0.7617397134546067
          }
        ]
      },
      {
        "fold": 2,
        "test_loss": 0.4635360985994339,
        "accuracy": 0.6595744680851063,
        "precision": 0.6595744680851063,
        "recall": 1.0,
        "f1": 0.7948717948717948,
        "roc_auc": 0.23639112903225806,
        "pr_auc": 0.5181774246454653,
        "train_curve": [
          {
            "epoch": 1,
            "loss": 0.46170120934645337,
            "accuracy": 0.6702127659574468,
            "precision": 0.6702127659574468,
            "recall": 1.0,
            "f1": 0.802547770700637,
            "roc_auc": 0.3891449052739375,
            "pr_auc": 0.6174454926111572
          },
          {
            "epoch": 2,
            "loss": 0.4580596884091695,
            "accuracy": 0.6702127659574468,
            "precision": 0.6702127659574468,
            "recall": 1.0,
            "f1": 0.802547770700637,
            "roc_auc": 0.5074244751664106,
            "pr_auc": 0.6746155475544704
          }
        ],
        "val_curve": [
          {
            "epoch": 1,
            "loss": 0.4635360985994339,
            "accuracy": 0.6595744680851063,
            "precision": 0.6595744680851063,
            "recall": 1.0,
            "f1": 0.7948717948717948,
            "roc_auc": 0.23639112903225806,
            "pr_auc": 0.5183515572474418
          },
          {
            "epoch": 2,
            "loss": 0.46268506348133087,
            "accuracy": 0.6595744680851063,
            "precision": 0.6595744680851063,
            "recall": 1.0,
            "f1": 0.7948717948717948,
            "roc_auc": 0.24017137096774194,
            "pr_auc": 0.5208205263796633
          }
        ]
      }
    ]
  },
  "proteins": {
    "timestamp": "2026-04-26T17:20:32.785199",
    "dataset": "PROTEINS",
    "config": {
      "epochs": 2,
      "lr": 0.005,
      "weight_decay": 0.001,
      "batch_size": 16,
      "q_depths": [
        1,
        1
      ],
      "n_folds": 2,
      "early_stop_patience": 2,
      "val_frequency": 1,
      "grad_clip": 1.0,
      "use_scheduler": true,
      "use_class_weights": true,
      "seed": 42
    },
    "summary": {
      "mean_accuracy": 0.40431299484649263,
      "std_accuracy": 0.00036326414631310255,
      "mean_precision": 0.40431299484649263,
      "std_precision": 0.00036326414631310255,
      "mean_recall": 1.0,
      "std_recall": 0.0,
      "mean_f1": 0.5758159746668806,
      "std_f1": 0.0003684043343997745,
      "mean_roc_auc": 0.5788917907278661,
      "std_roc_auc": 0.010298302980299767,
      "mean_pr_auc": 0.5258927367930986,
      "std_pr_auc": 0.032845272175674844
    },
    "folds": [
      {
        "fold": 1,
        "test_loss": 0.8260304621287755,
        "accuracy": 0.40394973070017953,
        "precision": 0.40394973070017953,
        "recall": 1.0,
        "f1": 0.5754475703324808,
        "roc_auc": 0.5891900937081659,
        "pr_auc": 0.5587380089687735,
        "train_curve": [
          {
            "epoch": 1,
            "loss": 0.8285552144050599,
            "accuracy": 0.5557553956834532,
            "precision": 0.39814814814814814,
            "recall": 0.19111111111111112,
            "f1": 0.25825825825825827,
            "roc_auc": 0.5198254447801275,
            "pr_auc": 0.44014571743601005
          },
          {
            "epoch": 2,
            "loss": 0.8268246752875191,
            "accuracy": 0.40467625899280574,
            "precision": 0.40467625899280574,
            "recall": 1.0,
            "f1": 0.5761843790012804,
            "roc_auc": 0.5005706612957368,
            "pr_auc": 0.40804066522702853
          }
        ],
        "val_curve": [
          {
            "epoch": 1,
            "loss": 0.826030467237745,
            "accuracy": 0.40394973070017953,
            "precision": 0.40394973070017953,
            "recall": 1.0,
            "f1": 0.5754475703324808,
            "roc_auc": 0.5891900937081659,
            "pr_auc": 0.5587380089687735
          },
          {
            "epoch": 2,
            "loss": 0.8259435074669974,
            "accuracy": 0.40394973070017953,
            "precision": 0.40394973070017953,
            "recall": 1.0,
            "f1": 0.5754475703324808,
            "roc_auc": 0.5882195448460508,
            "pr_auc": 0.5597250288664106
          }
        ]
      },
      {
        "fold": 2,
        "test_loss": 0.8279024873461042,
        "accuracy": 0.40467625899280574,
        "precision": 0.40467625899280574,
        "recall": 1.0,
        "f1": 0.5761843790012804,
        "roc_auc": 0.5685934877475664,
        "pr_auc": 0.49304746461742377,
        "train_curve": [
          {
            "epoch": 1,
            "loss": 0.8357530287333897,
            "accuracy": 0.473967684021544,
            "precision": 0.3671875,
            "recall": 0.4177777777777778,
            "f1": 0.3908523908523909,
            "roc_auc": 0.4583668005354753,
            "pr_auc": 0.38185934824678547
          },
          {
            "epoch": 2,
            "loss": 0.8269113693918501,
            "accuracy": 0.40394973070017953,
            "precision": 0.40394973070017953,
            "recall": 1.0,
            "f1": 0.5754475703324808,
            "roc_auc": 0.4829451137884873,
            "pr_auc": 0.3778949922219238
          }
        ],
        "val_curve": [
          {
            "epoch": 1,
            "loss": 0.8279024873461042,
            "accuracy": 0.40467625899280574,
            "precision": 0.40467625899280574,
            "recall": 1.0,