{
  "proteins": {
    "timestamp": "2026-04-26T17:19:11.268547",
    "dataset": "PROTEINS",
    "config": {
      "epochs": 2,
      "lr": 0.005,
      "weight_decay": 0.001,
      "batch_size": 16,
      "q_depths": [
        1,
        1
      ],
      "n_folds": 2,
      "early_stop_patience": 2,
      "val_frequency": 1,
      "grad_clip": 1.0,
      "use_scheduler": true,
      "use_class_weights": true,
      "seed": 42
    },
    "summary": {
      "mean_accuracy": 0.5893920411247304,
      "std_accuracy": 0.006658228175090042,
      "mean_precision": 0.24363636363636362,
      "std_precision": 0.24363636363636362,
      "mean_recall": 0.29777777777777775,
      "std_recall": 0.29777777777777775,
      "mean_f1": 0.268,
      "std_f1": 0.268,
      "mean_roc_auc": 0.5598601758494198,
      "std_roc_auc": 0.0028521437209058087,
      "mean_pr_auc": 0.48056036471220753,
      "std_pr_auc": 0.001097848807247448
    },
    "folds": [
      {
        "fold": 1,
        "test_loss": 0.8268268993922643,
        "accuracy": 0.5960502692998204,
        "precision": 0.0,
        "recall": 0.0,
        "f1": 0.0,
        "roc_auc": 0.557008032128514,
        "pr_auc": 0.4794625159049601,
        "train_curve": [
          {
            "epoch": 1,
            "loss": 0.8291827372142246,
            "accuracy": 0.5017985611510791,
            "precision": 0.40441176470588236,
            "recall": 0.4888888888888889,
            "f1": 0.4426559356136821,
            "roc_auc": 0.4937562940584089,
            "pr_auc": 0.40479282856195165
          },
          {
            "epoch": 2,
            "loss": 0.8254654254232134,
            "accuracy": 0.5197841726618705,
            "precision": 0.3670886075949367,
            "recall": 0.2577777777777778,
            "f1": 0.3028720626631854,
            "roc_auc": 0.4777509231285667,
            "pr_auc": 0.40708684226951636
          }
        ],
        "val_curve": [
          {
            "epoch": 1,
            "loss": 0.8268268891743251,
            "accuracy": 0.5960502692998204,
            "precision": 0.0,
            "recall": 0.0,
            "f1": 0.0,
            "roc_auc": 0.5570214190093707,
            "pr_auc": 0.4794625159049601
          },
          {
            "epoch": 2,
            "loss": 0.8260572893278939,
            "accuracy": 0.40394973070017953,
            "precision": 0.40394973070017953,
            "recall": 1.0,
            "f1": 0.5754475703324808,
            "roc_auc": 0.5572690763052208,
            "pr_auc": 0.4805458378717039
          }
        ]
      },
      {
        "fold": 2,
        "test_loss": 0.8277731214250837,
        "accuracy": 0.5827338129496403,
        "precision": 0.48727272727272725,
        "recall": 0.5955555555555555,
        "f1": 0.536,
        "roc_auc": 0.5627123195703256,
        "pr_auc": 0.481658213519455,
        "train_curve": [
          {
            "epoch": 1,
            "loss": 0.8291115607534136,
            "accuracy": 0.5116696588868941,
            "precision": 0.36416184971098264,
            "recall": 0.28,
            "f1": 0.3165829145728643,
            "roc_auc": 0.4721285140562249,
            "pr_auc": 0.38160567999111994
          },
          {
            "epoch": 2,
            "loss": 0.8271480934960501,
            "accuracy": 0.3985637342908438,
            "precision": 0.3834745762711864,
            "recall": 0.8044444444444444,
            "f1": 0.5193687230989957,
            "roc_auc": 0.45301874163319955,
            "pr_auc": 0.3984137707281414
          }
        ],
        "val_curve": [
          {
            "epoch": 1,
            "loss": 0.8278961624417986,
            "accuracy": 0.5755395683453237,
            "precision": 0.37209302325581395,
            "recall": 0.07111111111111111,
            "f1": 0.11940298507462686,
            "roc_auc": 0.6253105068815038,
            "pr_auc": 0.49819631067983905
          },
          {
            "epoch": 2,
            "loss": 0.8277731231280736,
            "accuracy": 0.5827338129496403,
            "precision": 0.48727272727272725,
            "recall": 0.5955555555555555,
            "f1": 0.536,
            "roc_auc": 0.5627123195703256,
            "pr_auc": 0.481658213519455
          }
        ]
      }
    ]
  }
}