{
  "mutag": {
    "timestamp": "2026-04-26T17:24:11.987127",
    "dataset": "MUTAG",
    "config": {
      "epochs": 1,
      "lr": 0.005,
      "weight_decay": 0.001,
      "batch_size": 16,
      "q_depths": [
        1,
        1
      ],
      "n_folds": 2,
      "early_stop_patience": 1,
      "val_frequency": 1,
      "grad_clip": 1.0,
      "use_scheduler": true,
      "use_class_weights": true,
      "seed": 42
    },
    "summary": {
      "mean_accuracy": 0.3351063829787234,
      "std_accuracy": 0.0053191489361702204,
      "mean_precision": 0.0,
      "std_precision": 0.0,
      "mean_recall": 0.0,
      "std_recall": 0.0,
      "mean_f1": 0.0,
      "std_f1": 0.0,
      "mean_roc_auc": 0.493381576420891,
      "std_roc_auc": 0.191718269969278,
      "mean_pr_auc": 0.6458434872231866,
      "std_pr_auc": 0.09451054276853493
    },
    "folds": [
      {
        "fold": 1,
        "test_loss": 0.4818813353776932,
        "accuracy": 0.32978723404255317,
        "precision": 0.0,
        "recall": 0.0,
        "f1": 0.0,
        "roc_auc": 0.685099846390169,
        "pr_auc": 0.7403540299917215,
        "train_curve": [
          {
            "epoch": 1,
            "loss": 0.4849870502948761,
            "accuracy": 0.3404255319148936,
            "precision": 0.0,
            "recall": 0.0,
            "f1": 0.0,
            "roc_auc": 0.5473790322580645,
            "pr_auc": 0.7153994173425586
          }
        ],
        "val_curve": [
          {
            "epoch": 1,
            "loss": 0.4818813353776932,
            "accuracy": 0.32978723404255317,
            "precision": 0.0,
            "recall": 0.0,
            "f1": 0.0,
            "roc_auc": 0.685099846390169,
            "pr_auc": 0.7403540299917215
          }
        ]
      },
      {
        "fold": 2,
        "test_loss": 0.466863418618838,
        "accuracy": 0.3404255319148936,
        "precision": 0.0,
        "recall": 0.0,
        "f1": 0.0,
        "roc_auc": 0.30166330645161293,
        "pr_auc": 0.5513329444546516,
        "train_curve": [
          {
            "epoch": 1,
            "loss": 0.46799590686957043,
            "accuracy": 0.32978723404255317,
            "precision": 0.0,
            "recall": 0.0,
            "f1": 0.0,
            "roc_auc": 0.4301075268817204,
            "pr_auc": 0.6149899109508381
          }
        ],
        "val_curve": [
          {
            "epoch": 1,
            "loss": 0.466863418618838,
            "accuracy": 0.3404255319148936,
            "precision": 0.0,
            "recall": 0.0,
            "f1": 0.0,
            "roc_auc": 0.30166330645161293,
            "pr_auc": 0.5512623385678858
          }
        ]
      }
    ]
  }
}